conc. [mg/L];signal [AU]
0;-24.75111573
10;402.5169631
20;631.0777301
30;982.590812
40;1402.095217
50;1686.224518
